回答者ID,内容,難易度,講師,運営,実践,要望,不満
R01,TRUE,FALSE,FALSE,FALSE,TRUE,FALSE,FALSE
R02,TRUE,FALSE,FALSE,TRUE,FALSE,FALSE,TRUE
R03,TRUE,TRUE,FALSE,FALSE,FALSE,TRUE,TRUE
R04,FALSE,TRUE,TRUE,FALSE,FALSE,FALSE,FALSE
R05,TRUE,FALSE,FALSE,TRUE,FALSE,FALSE,TRUE
R06,FALSE,FALSE,FALSE,FALSE,FALSE,FALSE,FALSE
R07,FALSE,FALSE,FALSE,FALSE,FALSE,FALSE,FALSE
R08,TRUE,FALSE,FALSE,FALSE,TRUE,TRUE,FALSE
R09,FALSE,FALSE,FALSE,TRUE,FALSE,FALSE,TRUE
R10,TRUE,FALSE,TRUE,FALSE,FALSE,FALSE,FALSE
R11,FALSE,FALSE,TRUE,FALSE,FALSE,FALSE,TRUE
R12,FALSE,FALSE,FALSE,FALSE,TRUE,FALSE,FALSE
R13,FALSE,TRUE,FALSE,TRUE,FALSE,TRUE,TRUE
R14,FALSE,FALSE,FALSE,FALSE,FALSE,FALSE,FALSE
R15,TRUE,FALSE,FALSE,FALSE,FALSE,TRUE,FALSE
R16,TRUE,TRUE,FALSE,TRUE,FALSE,FALSE,TRUE
R17,TRUE,FALSE,FALSE,FALSE,TRUE,FALSE,FALSE
R18,FALSE,FALSE,FALSE,TRUE,FALSE,TRUE,TRUE
R19,FALSE,FALSE,TRUE,FALSE,FALSE,FALSE,FALSE
R20,FALSE,TRUE,FALSE,FALSE,FALSE,FALSE,FALSE
R21,TRUE,FALSE,FALSE,FALSE,TRUE,FALSE,TRUE
R22,FALSE,FALSE,FALSE,TRUE,TRUE,FALSE,FALSE
R23,TRUE,TRUE,FALSE,FALSE,TRUE,FALSE,TRUE
R24,FALSE,FALSE,TRUE,FALSE,FALSE,TRUE,FALSE
R25,FALSE,FALSE,FALSE,TRUE,FALSE,TRUE,TRUE
